{
	"default_threadlimit": 100,
	"default_mimetypes": "image/jpeg|image/png|image/gif|image/webp|video/webm",
	"boards": [
		{
			"name": "anime",
			"rules": "anime-rules.md"
		},
		{
			"name": "tech",
			"extra_mimetypes": "text/*"
		},
		{
			"name": "meta",
			"threadlimit": 50
		},
		{
			"name": "politics"
		},
		{
			"name": "gaming"
		},
		{
			"name": "music"
		}
	],
	"slips": [
		{
			"username": "admin",
			"password": "admin",
			"is_admin": true
		}
	],
	"tags": [
		{
			"tag": "general",
			"bgstyle": "bg-secondary",
			"textstyle": "text-light"
		},
		{
			"tag": "dump",
			"bgstyle": "bg-info",
			"textstyle": "text-light"
		}
	]
}
